{"modelTopology": {"keras_version": "2.2.2", "backend": "tensorflow", "model_config": {"class_name": "Model", "config": {"name": "model_15", "layers": [{"name": "input_8", "class_name": "InputLayer", "config": {"batch_input_shape": [null, 224, 224, 3], "dtype": "float32", "sparse": false, "name": "input_8"}, "inbound_nodes": []}, {"name": "conv1_pad", "class_name": "ZeroPadding2D", "config": {"name": "conv1_pad", "trainable": true, "padding": [[0, 1], [0, 1]], "data_format": "channels_last"}, "inbound_nodes": [[["input_8", 0, 0, {}]]]}, {"name": "conv1", "class_name": "Conv2D", "config": {"name": "conv1", "trainable": true, "filters": 8, "kernel_size": [3, 3], "strides": [2, 2], "padding": "valid", "data_format": "channels_last", "dilation_rate": [1, 1], "activation": "linear", "use_bias": false, "kernel_initializer": {"class_name": "VarianceScaling", "config": {"scale": 1.0, "mode": "fan_avg", "distribution": "uniform", "seed": null}}, "bias_initializer": {"class_name": "Zeros", "config": {}}, "kernel_regularizer": null, "bias_regularizer": null, "activity_regularizer": null, "kernel_constraint": null, "bias_constraint": null}, "inbound_nodes": [[["conv1_pad", 0, 0, {}]]]}, {"name": "conv1_bn", "class_name": "BatchNormalization", "config": {"name": "conv1_bn", "trainable": true, "axis": -1, "momentum": 0.99, "epsilon": 0.001, "center": true, "scale": true, "beta_initializer": {"class_name": "Zeros", "config": {}}, "gamma_initializer": {"class_name": "Ones", "config": {}}, "moving_mean_initializer": {"class_name": "Zeros", "config": {}}, "moving_variance_initializer": {"class_name": "Ones", "config": {}}, "beta_regularizer": null, "gamma_regularizer": null, "beta_constraint": null, "gamma_constraint": null}, "inbound_nodes": [[["conv1", 0, 0, {}]]]}, {"name": "conv1_relu", "class_name": "ReLU", "config": {"name": "conv1_relu", "trainable": true, "max_value": 6.0}, "inbound_nodes": [[["conv1_bn", 0, 0, {}]]]}, {"name": "conv_dw_1", "class_name": "DepthwiseConv2D", "config": {"name": "conv_dw_1", "trainable": true, "kernel_size": [3, 3], "strides": [1, 1], "padding": "same", "data_format": "channels_last", "dilation_rate": [1, 1], "activation": "linear", "use_bias": false, "bias_initializer": {"class_name": "Zeros", "config": {}}, "bias_regularizer": null, "activity_regularizer": null, "bias_constraint": null, "depth_multiplier": 1, "depthwise_initializer": {"class_name": "VarianceScaling", "config": {"scale": 1.0, "mode": "fan_avg", "distribution": "uniform", "seed": null}}, "depthwise_regularizer": null, "depthwise_constraint": null}, "inbound_nodes": [[["conv1_relu", 0, 0, {}]]]}, {"name": "conv_dw_1_bn", "class_name": "BatchNormalization", "config": {"name": "conv_dw_1_bn", "trainable": true, "axis": -1, "momentum": 0.99, "epsilon": 0.001, "center": true, "scale": true, "beta_initializer": {"class_name": "Zeros", "config": {}}, "gamma_initializer": {"class_name": "Ones", "config": {}}, "moving_mean_initializer": {"class_name": "Zeros", "config": {}}, "moving_variance_initializer": {"class_name": "Ones", "config": {}}, "beta_regularizer": null, "gamma_regularizer": null, "beta_constraint": null, "gamma_constraint": null}, "inbound_nodes": [[["conv_dw_1", 0, 0, {}]]]}, {"name": "conv_dw_1_relu", "class_name": "ReLU", "config": {"name": "conv_dw_1_relu", "trainable": true, "max_value": 6.0}, "inbound_nodes": [[["conv_dw_1_bn", 0, 0, {}]]]}, {"name": "conv_pw_1", "class_name": "Conv2D", "config": {"name": "conv_pw_1", "trainable": true, "filters": 16, "kernel_size": [1, 1], "strides": [1, 1], "padding": "same", "data_format": "channels_last", "dilation_rate": [1, 1], "activation": "linear", "use_bias": false, "kernel_initializer": {"class_name": "VarianceScaling", "config": {"scale": 1.0, "mode": "fan_avg", "distribution": "uniform", "seed": null}}, "bias_initializer": {"class_name": "Zeros", "config": {}}, "kernel_regularizer": null, "bias_regularizer": null, "activity_regularizer": null, "kernel_constraint": null, "bias_constraint": null}, "inbound_nodes": [[["conv_dw_1_relu", 0, 0, {}]]]}, {"name": "conv_pw_1_bn", "class_name": "BatchNormalization", "config": {"name": "conv_pw_1_bn", "trainable": true, "axis": -1, "momentum": 0.99, "epsilon": 0.001, "center": true, "scale": true, "beta_initializer": {"class_name": "Zeros", "config": {}}, "gamma_initializer": {"class_name": "Ones", "config": {}}, "moving_mean_initializer": {"class_name": "Zeros", "config": {}}, "moving_variance_initializer": {"class_name": "Ones", "config": {}}, "beta_regularizer": null, "gamma_regularizer": null, "beta_constraint": null, "gamma_constraint": null}, "inbound_nodes": [[["conv_pw_1", 0, 0, {}]]]}, {"name": "conv_pw_1_relu", "class_name": "ReLU", "config": {"name": "conv_pw_1_relu", "trainable": true, "max_value": 6.0}, "inbound_nodes": [[["conv_pw_1_bn", 0, 0, {}]]]}, {"name": "conv_pad_2", "class_name": "ZeroPadding2D", "config": {"name": "conv_pad_2", "trainable": true, "padding": [[0, 1], [0, 1]], "data_format": "channels_last"}, "inbound_nodes": [[["conv_pw_1_relu", 0, 0, {}]]]}, {"name": "conv_dw_2", "class_name": "DepthwiseConv2D", "config": {"name": "conv_dw_2", "trainable": true, "kernel_size": [3, 3], "strides": [2, 2], "padding": "valid", "data_format": "channels_last", "dilation_rate": [1, 1], "activation": "linear", "use_bias": false, "bias_initializer": {"class_name": "Zeros", "config": {}}, "bias_regularizer": null, "activity_regularizer": null, "bias_constraint": null, "depth_multiplier": 1, "depthwise_initializer": {"class_name": "VarianceScaling", "config": {"scale": 1.0, "mode": "fan_avg", "distribution": "uniform", "seed": null}}, "depthwise_regularizer": null, "depthwise_constraint": null}, "inbound_nodes": [[["conv_pad_2", 0, 0, {}]]]}, {"name": "conv_dw_2_bn", "class_name": "BatchNormalization", "config": {"name": "conv_dw_2_bn", "trainable": true, "axis": -1, "momentum": 0.99, "epsilon": 0.001, "center": true, "scale": true, "beta_initializer": {"class_name": "Zeros", "config": {}}, "gamma_initializer": {"class_name": "Ones", "config": {}}, "moving_mean_initializer": {"class_name": "Zeros", "config": {}}, "moving_variance_initializer": {"class_name": "Ones", "config": {}}, "beta_regularizer": null, "gamma_regularizer": null, "beta_constraint": null, "gamma_constraint": null}, "inbound_nodes": [[["conv_dw_2", 0, 0, {}]]]}, {"name": "conv_dw_2_relu", "class_name": "ReLU", "config": {"name": "conv_dw_2_relu", "trainable": true, "max_value": 6.0}, "inbound_nodes": [[["conv_dw_2_bn", 0, 0, {}]]]}, {"name": "conv_pw_2", "class_name": "Conv2D", "config": {"name": "conv_pw_2", "trainable": true, "filters": 32, "kernel_size": [1, 1], "strides": [1, 1], "padding": "same", "data_format": "channels_last", "dilation_rate": [1, 1], "activation": "linear", "use_bias": false, "kernel_initializer": {"class_name": "VarianceScaling", "config": {"scale": 1.0, "mode": "fan_avg", "distribution": "uniform", "seed": null}}, "bias_initializer": {"class_name": "Zeros", "config": {}}, "kernel_regularizer": null, "bias_regularizer": null, "activity_regularizer": null, "kernel_constraint": null, "bias_constraint": null}, "inbound_nodes": [[["conv_dw_2_relu", 0, 0, {}]]]}, {"name": "conv_pw_2_bn", "class_name": "BatchNormalization", "config": {"name": "conv_pw_2_bn", "trainable": true, "axis": -1, "momentum": 0.99, "epsilon": 0.001, "center": true, "scale": true, "beta_initializer": {"class_name": "Zeros", "config": {}}, "gamma_initializer": {"class_name": "Ones", "config": {}}, "moving_mean_initializer": {"class_name": "Zeros", "config": {}}, "moving_variance_initializer": {"class_name": "Ones", "config": {}}, "beta_regularizer": null, "gamma_regularizer": null, "beta_constraint": null, "gamma_constraint": null}, "inbound_nodes": [[["conv_pw_2", 0, 0, {}]]]}, {"name": "conv_pw_2_relu", "class_name": "ReLU", "config": {"name": "conv_pw_2_relu", "trainable": true, "max_value": 6.0}, "inbound_nodes": [[["conv_pw_2_bn", 0, 0, {}]]]}, {"name": "conv_dw_3", "class_name": "DepthwiseConv2D", "config": {"name": "conv_dw_3", "trainable": true, "kernel_size": [3, 3], "strides": [1, 1], "padding": "same", "data_format": "channels_last", "dilation_rate": [1, 1], "activation": "linear", "use_bias": false, "bias_initializer": {"class_name": "Zeros", "config": {}}, "bias_regularizer": null, "activity_regularizer": null, "bias_constraint": null, "depth_multiplier": 1, "depthwise_initializer": {"class_name": "VarianceScaling", "config": {"scale": 1.0, "mode": "fan_avg", "distribution": "uniform", "seed": null}}, "depthwise_regularizer": null, "depthwise_constraint": null}, "inbound_nodes": [[["conv_pw_2_relu", 0, 0, {}]]]}, {"name": "conv_dw_3_bn", "class_name": "BatchNormalization", "config": {"name": "conv_dw_3_bn", "trainable": true, "axis": -1, "momentum": 0.99, "epsilon": 0.001, "center": true, "scale": true, "beta_initializer": {"class_name": "Zeros", "config": {}}, "gamma_initializer": {"class_name": "Ones", "config": {}}, "moving_mean_initializer": {"class_name": "Zeros", "config": {}}, "moving_variance_initializer": {"class_name": "Ones", "config": {}}, "beta_regularizer": null, "gamma_regularizer": null, "beta_constraint": null, "gamma_constraint": null}, "inbound_nodes": [[["conv_dw_3", 0, 0, {}]]]}, {"name": "conv_dw_3_relu", "class_name": "ReLU", "config": {"name": "conv_dw_3_relu", "trainable": true, "max_value": 6.0}, "inbound_nodes": [[["conv_dw_3_bn", 0, 0, {}]]]}, {"name": "conv_pw_3", "class_name": "Conv2D", "config": {"name": "conv_pw_3", "trainable": true, "filters": 32, "kernel_size": [1, 1], "strides": [1, 1], "padding": "same", "data_format": "channels_last", "dilation_rate": [1, 1], "activation": "linear", "use_bias": false, "kernel_initializer": {"class_name": "VarianceScaling", "config": {"scale": 1.0, "mode": "fan_avg", "distribution": "uniform", "seed": null}}, "bias_initializer": {"class_name": "Zeros", "config": {}}, "kernel_regularizer": null, "bias_regularizer": null, "activity_regularizer": null, "kernel_constraint": null, "bias_constraint": null}, "inbound_nodes": [[["conv_dw_3_relu", 0, 0, {}]]]}, {"name": "conv_pw_3_bn", "class_name": "BatchNormalization", "config": {"name": "conv_pw_3_bn", "trainable": true, "axis": -1, "momentum": 0.99, "epsilon": 0.001, "center": true, "scale": true, "beta_initializer": {"class_name": "Zeros", "config": {}}, "gamma_initializer": {"class_name": "Ones", "config": {}}, "moving_mean_initializer": {"class_name": "Zeros", "config": {}}, "moving_variance_initializer": {"class_name": "Ones", "config": {}}, "beta_regularizer": null, "gamma_regularizer": null, "beta_constraint": null, "gamma_constraint": null}, "inbound_nodes": [[["conv_pw_3", 0, 0, {}]]]}, {"name": "conv_pw_3_relu", "class_name": "ReLU", "config": {"name": "conv_pw_3_relu", "trainable": true, "max_value": 6.0}, "inbound_nodes": [[["conv_pw_3_bn", 0, 0, {}]]]}, {"name": "conv_pad_4", "class_name": "ZeroPadding2D", "config": {"name": "conv_pad_4", "trainable": true, "padding": [[0, 1], [0, 1]], "data_format": "channels_last"}, "inbound_nodes": [[["conv_pw_3_relu", 0, 0, {}]]]}, {"name": "conv_dw_4", "class_name": "DepthwiseConv2D", "config": {"name": "conv_dw_4", "trainable": true, "kernel_size": [3, 3], "strides": [2, 2], "padding": "valid", "data_format": "channels_last", "dilation_rate": [1, 1], "activation": "linear", "use_bias": false, "bias_initializer": {"class_name": "Zeros", "config": {}}, "bias_regularizer": null, "activity_regularizer": null, "bias_constraint": null, "depth_multiplier": 1, "depthwise_initializer": {"class_name": "VarianceScaling", "config": {"scale": 1.0, "mode": "fan_avg", "distribution": "uniform", "seed": null}}, "depthwise_regularizer": null, "depthwise_constraint": null}, "inbound_nodes": [[["conv_pad_4", 0, 0, {}]]]}, {"name": "conv_dw_4_bn", "class_name": "BatchNormalization", "config": {"name": "conv_dw_4_bn", "trainable": true, "axis": -1, "momentum": 0.99, "epsilon": 0.001, "center": true, "scale": true, "beta_initializer": {"class_name": "Zeros", "config": {}}, "gamma_initializer": {"class_name": "Ones", "config": {}}, "moving_mean_initializer": {"class_name": "Zeros", "config": {}}, "moving_variance_initializer": {"class_name": "Ones", "config": {}}, "beta_regularizer": null, "gamma_regularizer": null, "beta_constraint": null, "gamma_constraint": null}, "inbound_nodes": [[["conv_dw_4", 0, 0, {}]]]}, {"name": "conv_dw_4_relu", "class_name": "ReLU", "config": {"name": "conv_dw_4_relu", "trainable": true, "max_value": 6.0}, "inbound_nodes": [[["conv_dw_4_bn", 0, 0, {}]]]}, {"name": "conv_pw_4", "class_name": "Conv2D", "config": {"name": "conv_pw_4", "trainable": true, "filters": 64, "kernel_size": [1, 1], "strides": [1, 1], "padding": "same", "data_format": "channels_last", "dilation_rate": [1, 1], "activation": "linear", "use_bias": false, "kernel_initializer": {"class_name": "VarianceScaling", "config": {"scale": 1.0, "mode": "fan_avg", "distribution": "uniform", "seed": null}}, "bias_initializer": {"class_name": "Zeros", "config": {}}, "kernel_regularizer": null, "bias_regularizer": null, "activity_regularizer": null, "kernel_constraint": null, "bias_constraint": null}, "inbound_nodes": [[["conv_dw_4_relu", 0, 0, {}]]]}, {"name": "conv_pw_4_bn", "class_name": "BatchNormalization", "config": {"name": "conv_pw_4_bn", "trainable": true, "axis": -1, "momentum": 0.99, "epsilon": 0.001, "center": true, "scale": true, "beta_initializer": {"class_name": "Zeros", "config": {}}, "gamma_initializer": {"class_name": "Ones", "config": {}}, "moving_mean_initializer": {"class_name": "Zeros", "config": {}}, "moving_variance_initializer": {"class_name": "Ones", "config": {}}, "beta_regularizer": null, "gamma_regularizer": null, "beta_constraint": null, "gamma_constraint": null}, "inbound_nodes": [[["conv_pw_4", 0, 0, {}]]]}, {"name": "conv_pw_4_relu", "class_name": "ReLU", "config": {"name": "conv_pw_4_relu", "trainable": true, "max_value": 6.0}, "inbound_nodes": [[["conv_pw_4_bn", 0, 0, {}]]]}, {"name": "conv_dw_5", "class_name": "DepthwiseConv2D", "config": {"name": "conv_dw_5", "trainable": true, "kernel_size": [3, 3], "strides": [1, 1], "padding": "same", "data_format": "channels_last", "dilation_rate": [1, 1], "activation": "linear", "use_bias": false, "bias_initializer": {"class_name": "Zeros", "config": {}}, "bias_regularizer": null, "activity_regularizer": null, "bias_constraint": null, "depth_multiplier": 1, "depthwise_initializer": {"class_name": "VarianceScaling", "config": {"scale": 1.0, "mode": "fan_avg", "distribution": "uniform", "seed": null}}, "depthwise_regularizer": null, "depthwise_constraint": null}, "inbound_nodes": [[["conv_pw_4_relu", 0, 0, {}]]]}, {"name": "conv_dw_5_bn", "class_name": "BatchNormalization", "config": {"name": "conv_dw_5_bn", "trainable": true, "axis": -1, "momentum": 0.99, "epsilon": 0.001, "center": true, "scale": true, "beta_initializer": {"class_name": "Zeros", "config": {}}, "gamma_initializer": {"class_name": "Ones", "config": {}}, "moving_mean_initializer": {"class_name": "Zeros", "config": {}}, "moving_variance_initializer": {"class_name": "Ones", "config": {}}, "beta_regularizer": null, "gamma_regularizer": null, "beta_constraint": null, "gamma_constraint": null}, "inbound_nodes": [[["conv_dw_5", 0, 0, {}]]]}, {"name": "conv_dw_5_relu", "class_name": "ReLU", "config": {"name": "conv_dw_5_relu", "trainable": true, "max_value": 6.0}, "inbound_nodes": [[["conv_dw_5_bn", 0, 0, {}]]]}, {"name": "conv_pw_5", "class_name": "Conv2D", "config": {"name": "conv_pw_5", "trainable": true, "filters": 64, "kernel_size": [1, 1], "strides": [1, 1], "padding": "same", "data_format": "channels_last", "dilation_rate": [1, 1], "activation": "linear", "use_bias": false, "kernel_initializer": {"class_name": "VarianceScaling", "config": {"scale": 1.0, "mode": "fan_avg", "distribution": "uniform", "seed": null}}, "bias_initializer": {"class_name": "Zeros", "config": {}}, "kernel_regularizer": null, "bias_regularizer": null, "activity_regularizer": null, "kernel_constraint": null, "bias_constraint": null}, "inbound_nodes": [[["conv_dw_5_relu", 0, 0, {}]]]}, {"name": "conv_pw_5_bn", "class_name": "BatchNormalization", "config": {"name": "conv_pw_5_bn", "trainable": true, "axis": -1, "momentum": 0.99, "epsilon": 0.001, "center": true, "scale": true, "beta_initializer": {"class_name": "Zeros", "config": {}}, "gamma_initializer": {"class_name": "Ones", "config": {}}, "moving_mean_initializer": {"class_name": "Zeros", "config": {}}, "moving_variance_initializer": {"class_name": "Ones", "config": {}}, "beta_regularizer": null, "gamma_regularizer": null, "beta_constraint": null, "gamma_constraint": null}, "inbound_nodes": [[["conv_pw_5", 0, 0, {}]]]}, {"name": "conv_pw_5_relu", "class_name": "ReLU", "config": {"name": "conv_pw_5_relu", "trainable": true, "max_value": 6.0}, "inbound_nodes": [[["conv_pw_5_bn", 0, 0, {}]]]}, {"name": "conv_pad_6", "class_name": "ZeroPadding2D", "config": {"name": "conv_pad_6", "trainable": true, "padding": [[0, 1], [0, 1]], "data_format": "channels_last"}, "inbound_nodes": [[["conv_pw_5_relu", 0, 0, {}]]]}, {"name": "conv_dw_6", "class_name": "DepthwiseConv2D", "config": {"name": "conv_dw_6", "trainable": true, "kernel_size": [3, 3], "strides": [2, 2], "padding": "valid", "data_format": "channels_last", "dilation_rate": [1, 1], "activation": "linear", "use_bias": false, "bias_initializer": {"class_name": "Zeros", "config": {}}, "bias_regularizer": null, "activity_regularizer": null, "bias_constraint": null, "depth_multiplier": 1, "depthwise_initializer": {"class_name": "VarianceScaling", "config": {"scale": 1.0, "mode": "fan_avg", "distribution": "uniform", "seed": null}}, "depthwise_regularizer": null, "depthwise_constraint": null}, "inbound_nodes": [[["conv_pad_6", 0, 0, {}]]]}, {"name": "conv_dw_6_bn", "class_name": "BatchNormalization", "config": {"name": "conv_dw_6_bn", "trainable": true, "axis": -1, "momentum": 0.99, "epsilon": 0.001, "center": true, "scale": true, "beta_initializer": {"class_name": "Zeros", "config": {}}, "gamma_initializer": {"class_name": "Ones", "config": {}}, "moving_mean_initializer": {"class_name": "Zeros", "config": {}}, "moving_variance_initializer": {"class_name": "Ones", "config": {}}, "beta_regularizer": null, "gamma_regularizer": null, "beta_constraint": null, "gamma_constraint": null}, "inbound_nodes": [[["conv_dw_6", 0, 0, {}]]]}, {"name": "conv_dw_6_relu", "class_name": "ReLU", "config": {"name": "conv_dw_6_relu", "trainable": true, "max_value": 6.0}, "inbound_nodes": [[["conv_dw_6_bn", 0, 0, {}]]]}, {"name": "conv_pw_6", "class_name": "Conv2D", "config": {"name": "conv_pw_6", "trainable": true, "filters": 128, "kernel_size": [1, 1], "strides": [1, 1], "padding": "same", "data_format": "channels_last", "dilation_rate": [1, 1], "activation": "linear", "use_bias": false, "kernel_initializer": {"class_name": "VarianceScaling", "config": {"scale": 1.0, "mode": "fan_avg", "distribution": "uniform", "seed": null}}, "bias_initializer": {"class_name": "Zeros", "config": {}}, "kernel_regularizer": null, "bias_regularizer": null, "activity_regularizer": null, "kernel_constraint": null, "bias_constraint": null}, "inbound_nodes": [[["conv_dw_6_relu", 0, 0, {}]]]}, {"name": "conv_pw_6_bn", "class_name": "BatchNormalization", "config": {"name": "conv_pw_6_bn", "trainable": true, "axis": -1, "momentum": 0.99, "epsilon": 0.001, "center": true, "scale": true, "beta_initializer": {"class_name": "Zeros", "config": {}}, "gamma_initializer": {"class_name": "Ones", "config": {}}, "moving_mean_initializer": {"class_name": "Zeros", "config": {}}, "moving_variance_initializer": {"class_name": "Ones", "config": {}}, "beta_regularizer": null, "gamma_regularizer": null, "beta_constraint": null, "gamma_constraint": null}, "inbound_nodes": [[["conv_pw_6", 0, 0, {}]]]}, {"name": "conv_pw_6_relu", "class_name": "ReLU", "config": {"name": "conv_pw_6_relu", "trainable": true, "max_value": 6.0}, "inbound_nodes": [[["conv_pw_6_bn", 0, 0, {}]]]}, {"name": "conv_dw_7", "class_name": "DepthwiseConv2D", "config": {"name": "conv_dw_7", "trainable": true, "kernel_size": [3, 3], "strides": [1, 1], "padding": "same", "data_format": "channels_last", "dilation_rate": [1, 1], "activation": "linear", "use_bias": false, "bias_initializer": {"class_name": "Zeros", "config": {}}, "bias_regularizer": null, "activity_regularizer": null, "bias_constraint": null, "depth_multiplier": 1, "depthwise_initializer": {"class_name": "VarianceScaling", "config": {"scale": 1.0, "mode": "fan_avg", "distribution": "uniform", "seed": null}}, "depthwise_regularizer": null, "depthwise_constraint": null}, "inbound_nodes": [[["conv_pw_6_relu", 0, 0, {}]]]}, {"name": "conv_dw_7_bn", "class_name": "BatchNormalization", "config": {"name": "conv_dw_7_bn", "trainable": true, "axis": -1, "momentum": 0.99, "epsilon": 0.001, "center": true, "scale": true, "beta_initializer": {"class_name": "Zeros", "config": {}}, "gamma_initializer": {"class_name": "Ones", "config": {}}, "moving_mean_initializer": {"class_name": "Zeros", "config": {}}, "moving_variance_initializer": {"class_name": "Ones", "config": {}}, "beta_regularizer": null, "gamma_regularizer": null, "beta_constraint": null, "gamma_constraint": null}, "inbound_nodes": [[["conv_dw_7", 0, 0, {}]]]}, {"name": "conv_dw_7_relu", "class_name": "ReLU", "config": {"name": "conv_dw_7_relu", "trainable": true, "max_value": 6.0}, "inbound_nodes": [[["conv_dw_7_bn", 0, 0, {}]]]}, {"name": "conv_pw_7", "class_name": "Conv2D", "config": {"name": "conv_pw_7", "trainable": true, "filters": 128, "kernel_size": [1, 1], "strides": [1, 1], "padding": "same", "data_format": "channels_last", "dilation_rate": [1, 1], "activation": "linear", "use_bias": false, "kernel_initializer": {"class_name": "VarianceScaling", "config": {"scale": 1.0, "mode": "fan_avg", "distribution": "uniform", "seed": null}}, "bias_initializer": {"class_name": "Zeros", "config": {}}, "kernel_regularizer": null, "bias_regularizer": null, "activity_regularizer": null, "kernel_constraint": null, "bias_constraint": null}, "inbound_nodes": [[["conv_dw_7_relu", 0, 0, {}]]]}, {"name": "conv_pw_7_bn", "class_name": "BatchNormalization", "config": {"name": "conv_pw_7_bn", "trainable": true, "axis": -1, "momentum": 0.99, "epsilon": 0.001, "center": true, "scale": true, "beta_initializer": {"class_name": "Zeros", "config": {}}, "gamma_initializer": {"class_name": "Ones", "config": {}}, "moving_mean_initializer": {"class_name": "Zeros", "config": {}}, "moving_variance_initializer": {"class_name": "Ones", "config": {}}, "beta_regularizer": null, "gamma_regularizer": null, "beta_constraint": null, "gamma_constraint": null}, "inbound_nodes": [[["conv_pw_7", 0, 0, {}]]]}, {"name": "conv_pw_7_relu", "class_name": "ReLU", "config": {"name": "conv_pw_7_relu", "trainable": true, "max_value": 6.0}, "inbound_nodes": [[["conv_pw_7_bn", 0, 0, {}]]]}, {"name": "conv_dw_8", "class_name": "DepthwiseConv2D", "config": {"name": "conv_dw_8", "trainable": true, "kernel_size": [3, 3], "strides": [1, 1], "padding": "same", "data_format": "channels_last", "dilation_rate": [1, 1], "activation": "linear", "use_bias": false, "bias_initializer": {"class_name": "Zeros", "config": {}}, "bias_regularizer": null, "activity_regularizer": null, "bias_constraint": null, "depth_multiplier": 1, "depthwise_initializer": {"class_name": "VarianceScaling", "config": {"scale": 1.0, "mode": "fan_avg", "distribution": "uniform", "seed": null}}, "depthwise_regularizer": null, "depthwise_constraint": null}, "inbound_nodes": [[["conv_pw_7_relu", 0, 0, {}]]]}, {"name": "conv_dw_8_bn", "class_name": "BatchNormalization", "config": {"name": "conv_dw_8_bn", "trainable": true, "axis": -1, "momentum": 0.99, "epsilon": 0.001, "center": true, "scale": true, "beta_initializer": {"class_name": "Zeros", "config": {}}, "gamma_initializer": {"class_name": "Ones", "config": {}}, "moving_mean_initializer": {"class_name": "Zeros", "config": {}}, "moving_variance_initializer": {"class_name": "Ones", "config": {}}, "beta_regularizer": null, "gamma_regularizer": null, "beta_constraint": null, "gamma_constraint": null}, "inbound_nodes": [[["conv_dw_8", 0, 0, {}]]]}, {"name": "conv_dw_8_relu", "class_name": "ReLU", "config": {"name": "conv_dw_8_relu", "trainable": true, "max_value": 6.0}, "inbound_nodes": [[["conv_dw_8_bn", 0, 0, {}]]]}, {"name": "conv_pw_8", "class_name": "Conv2D", "config": {"name": "conv_pw_8", "trainable": true, "filters": 128, "kernel_size": [1, 1], "strides": [1, 1], "padding": "same", "data_format": "channels_last", "dilation_rate": [1, 1], "activation": "linear", "use_bias": false, "kernel_initializer": {"class_name": "VarianceScaling", "config": {"scale": 1.0, "mode": "fan_avg", "distribution": "uniform", "seed": null}}, "bias_initializer": {"class_name": "Zeros", "config": {}}, "kernel_regularizer": null, "bias_regularizer": null, "activity_regularizer": null, "kernel_constraint": null, "bias_constraint": null}, "inbound_nodes": [[["conv_dw_8_relu", 0, 0, {}]]]}, {"name": "conv_pw_8_bn", "class_name": "BatchNormalization", "config": {"name": "conv_pw_8_bn", "trainable": true, "axis": -1, "momentum": 0.99, "epsilon": 0.001, "center": true, "scale": true, "beta_initializer": {"class_name": "Zeros", "config": {}}, "gamma_initializer": {"class_name": "Ones", "config": {}}, "moving_mean_initializer": {"class_name": "Zeros", "config": {}}, "moving_variance_initializer": {"class_name": "Ones", "config": {}}, "beta_regularizer": null, "gamma_regularizer": null, "beta_constraint": null, "gamma_constraint": null}, "inbound_nodes": [[["conv_pw_8", 0, 0, {}]]]}, {"name": "conv_pw_8_relu", "class_name": "ReLU", "config": {"name": "conv_pw_8_relu", "trainable": true, "max_value": 6.0}, "inbound_nodes": [[["conv_pw_8_bn", 0, 0, {}]]]}, {"name": "conv_dw_9", "class_name": "DepthwiseConv2D", "config": {"name": "conv_dw_9", "trainable": true, "kernel_size": [3, 3], "strides": [1, 1], "padding": "same", "data_format": "channels_last", "dilation_rate": [1, 1], "activation": "linear", "use_bias": false, "bias_initializer": {"class_name": "Zeros", "config": {}}, "bias_regularizer": null, "activity_regularizer": null, "bias_constraint": null, "depth_multiplier": 1, "depthwise_initializer": {"class_name": "VarianceScaling", "config": {"scale": 1.0, "mode": "fan_avg", "distribution": "uniform", "seed": null}}, "depthwise_regularizer": null, "depthwise_constraint": null}, "inbound_nodes": [[["conv_pw_8_relu", 0, 0, {}]]]}, {"name": "conv_dw_9_bn", "class_name": "BatchNormalization", "config": {"name": "conv_dw_9_bn", "trainable": true, "axis": -1, "momentum": 0.99, "epsilon": 0.001, "center": true, "scale": true, "beta_initializer": {"class_name": "Zeros", "config": {}}, "gamma_initializer": {"class_name": "Ones", "config": {}}, "moving_mean_initializer": {"class_name": "Zeros", "config": {}}, "moving_variance_initializer": {"class_name": "Ones", "config": {}}, "beta_regularizer": null, "gamma_regularizer": null, "beta_constraint": null, "gamma_constraint": null}, "inbound_nodes": [[["conv_dw_9", 0, 0, {}]]]}, {"name": "conv_dw_9_relu", "class_name": "ReLU", "config": {"name": "conv_dw_9_relu", "trainable": true, "max_value": 6.0}, "inbound_nodes": [[["conv_dw_9_bn", 0, 0, {}]]]}, {"name": "conv_pw_9", "class_name": "Conv2D", "config": {"name": "conv_pw_9", "trainable": true, "filters": 128, "kernel_size": [1, 1], "strides": [1, 1], "padding": "same", "data_format": "channels_last", "dilation_rate": [1, 1], "activation": "linear", "use_bias": false, "kernel_initializer": {"class_name": "VarianceScaling", "config": {"scale": 1.0, "mode": "fan_avg", "distribution": "uniform", "seed": null}}, "bias_initializer": {"class_name": "Zeros", "config": {}}, "kernel_regularizer": null, "bias_regularizer": null, "activity_regularizer": null, "kernel_constraint": null, "bias_constraint": null}, "inbound_nodes": [[["conv_dw_9_relu", 0, 0, {}]]]}, {"name": "conv_pw_9_bn", "class_name": "BatchNormalization", "config": {"name": "conv_pw_9_bn", "trainable": true, "axis": -1, "momentum": 0.99, "epsilon": 0.001, "center": true, "scale": true, "beta_initializer": {"class_name": "Zeros", "config": {}}, "gamma_initializer": {"class_name": "Ones", "config": {}}, "moving_mean_initializer": {"class_name": "Zeros", "config": {}}, "moving_variance_initializer": {"class_name": "Ones", "config": {}}, "beta_regularizer": null, "gamma_regularizer": null, "beta_constraint": null, "gamma_constraint": null}, "inbound_nodes": [[["conv_pw_9", 0, 0, {}]]]}, {"name": "conv_pw_9_relu", "class_name": "ReLU", "config": {"name": "conv_pw_9_relu", "trainable": true, "max_value": 6.0}, "inbound_nodes": [[["conv_pw_9_bn", 0, 0, {}]]]}, {"name": "conv_dw_10", "class_name": "DepthwiseConv2D", "config": {"name": "conv_dw_10", "trainable": true, "kernel_size": [3, 3], "strides": [1, 1], "padding": "same", "data_format": "channels_last", "dilation_rate": [1, 1], "activation": "linear", "use_bias": false, "bias_initializer": {"class_name": "Zeros", "config": {}}, "bias_regularizer": null, "activity_regularizer": null, "bias_constraint": null, "depth_multiplier": 1, "depthwise_initializer": {"class_name": "VarianceScaling", "config": {"scale": 1.0, "mode": "fan_avg", "distribution": "uniform", "seed": null}}, "depthwise_regularizer": null, "depthwise_constraint": null}, "inbound_nodes": [[["conv_pw_9_relu", 0, 0, {}]]]}, {"name": "conv_dw_10_bn", "class_name": "BatchNormalization", "config": {"name": "conv_dw_10_bn", "trainable": true, "axis": -1, "momentum": 0.99, "epsilon": 0.001, "center": true, "scale": true, "beta_initializer": {"class_name": "Zeros", "config": {}}, "gamma_initializer": {"class_name": "Ones", "config": {}}, "moving_mean_initializer": {"class_name": "Zeros", "config": {}}, "moving_variance_initializer": {"class_name": "Ones", "config": {}}, "beta_regularizer": null, "gamma_regularizer": null, "beta_constraint": null, "gamma_constraint": null}, "inbound_nodes": [[["conv_dw_10", 0, 0, {}]]]}, {"name": "conv_dw_10_relu", "class_name": "ReLU", "config": {"name": "conv_dw_10_relu", "trainable": true, "max_value": 6.0}, "inbound_nodes": [[["conv_dw_10_bn", 0, 0, {}]]]}, {"name": "conv_pw_10", "class_name": "Conv2D", "config": {"name": "conv_pw_10", "trainable": true, "filters": 128, "kernel_size": [1, 1], "strides": [1, 1], "padding": "same", "data_format": "channels_last", "dilation_rate": [1, 1], "activation": "linear", "use_bias": false, "kernel_initializer": {"class_name": "VarianceScaling", "config": {"scale": 1.0, "mode": "fan_avg", "distribution": "uniform", "seed": null}}, "bias_initializer": {"class_name": "Zeros", "config": {}}, "kernel_regularizer": null, "bias_regularizer": null, "activity_regularizer": null, "kernel_constraint": null, "bias_constraint": null}, "inbound_nodes": [[["conv_dw_10_relu", 0, 0, {}]]]}, {"name": "conv_pw_10_bn", "class_name": "BatchNormalization", "config": {"name": "conv_pw_10_bn", "trainable": true, "axis": -1, "momentum": 0.99, "epsilon": 0.001, "center": true, "scale": true, "beta_initializer": {"class_name": "Zeros", "config": {}}, "gamma_initializer": {"class_name": "Ones", "config": {}}, "moving_mean_initializer": {"class_name": "Zeros", "config": {}}, "moving_variance_initializer": {"class_name": "Ones", "config": {}}, "beta_regularizer": null, "gamma_regularizer": null, "beta_constraint": null, "gamma_constraint": null}, "inbound_nodes": [[["conv_pw_10", 0, 0, {}]]]}, {"name": "conv_pw_10_relu", "class_name": "ReLU", "config": {"name": "conv_pw_10_relu", "trainable": true, "max_value": 6.0}, "inbound_nodes": [[["conv_pw_10_bn", 0, 0, {}]]]}, {"name": "conv_dw_11", "class_name": "DepthwiseConv2D", "config": {"name": "conv_dw_11", "trainable": true, "kernel_size": [3, 3], "strides": [1, 1], "padding": "same", "data_format": "channels_last", "dilation_rate": [1, 1], "activation": "linear", "use_bias": false, "bias_initializer": {"class_name": "Zeros", "config": {}}, "bias_regularizer": null, "activity_regularizer": null, "bias_constraint": null, "depth_multiplier": 1, "depthwise_initializer": {"class_name": "VarianceScaling", "config": {"scale": 1.0, "mode": "fan_avg", "distribution": "uniform", "seed": null}}, "depthwise_regularizer": null, "depthwise_constraint": null}, "inbound_nodes": [[["conv_pw_10_relu", 0, 0, {}]]]}, {"name": "conv_dw_11_bn", "class_name": "BatchNormalization", "config": {"name": "conv_dw_11_bn", "trainable": true, "axis": -1, "momentum": 0.99, "epsilon": 0.001, "center": true, "scale": true, "beta_initializer": {"class_name": "Zeros", "config": {}}, "gamma_initializer": {"class_name": "Ones", "config": {}}, "moving_mean_initializer": {"class_name": "Zeros", "config": {}}, "moving_variance_initializer": {"class_name": "Ones", "config": {}}, "beta_regularizer": null, "gamma_regularizer": null, "beta_constraint": null, "gamma_constraint": null}, "inbound_nodes": [[["conv_dw_11", 0, 0, {}]]]}, {"name": "conv_dw_11_relu", "class_name": "ReLU", "config": {"name": "conv_dw_11_relu", "trainable": true, "max_value": 6.0}, "inbound_nodes": [[["conv_dw_11_bn", 0, 0, {}]]]}, {"name": "conv_pw_11", "class_name": "Conv2D", "config": {"name": "conv_pw_11", "trainable": true, "filters": 128, "kernel_size": [1, 1], "strides": [1, 1], "padding": "same", "data_format": "channels_last", "dilation_rate": [1, 1], "activation": "linear", "use_bias": false, "kernel_initializer": {"class_name": "VarianceScaling", "config": {"scale": 1.0, "mode": "fan_avg", "distribution": "uniform", "seed": null}}, "bias_initializer": {"class_name": "Zeros", "config": {}}, "kernel_regularizer": null, "bias_regularizer": null, "activity_regularizer": null, "kernel_constraint": null, "bias_constraint": null}, "inbound_nodes": [[["conv_dw_11_relu", 0, 0, {}]]]}, {"name": "conv_pw_11_bn", "class_name": "BatchNormalization", "config": {"name": "conv_pw_11_bn", "trainable": true, "axis": -1, "momentum": 0.99, "epsilon": 0.001, "center": true, "scale": true, "beta_initializer": {"class_name": "Zeros", "config": {}}, "gamma_initializer": {"class_name": "Ones", "config": {}}, "moving_mean_initializer": {"class_name": "Zeros", "config": {}}, "moving_variance_initializer": {"class_name": "Ones", "config": {}}, "beta_regularizer": null, "gamma_regularizer": null, "beta_constraint": null, "gamma_constraint": null}, "inbound_nodes": [[["conv_pw_11", 0, 0, {}]]]}, {"name": "conv_pw_11_relu", "class_name": "ReLU", "config": {"name": "conv_pw_11_relu", "trainable": true, "max_value": 6.0}, "inbound_nodes": [[["conv_pw_11_bn", 0, 0, {}]]]}, {"name": "conv_pad_12", "class_name": "ZeroPadding2D", "config": {"name": "conv_pad_12", "trainable": true, "padding": [[0, 1], [0, 1]], "data_format": "channels_last"}, "inbound_nodes": [[["conv_pw_11_relu", 0, 0, {}]]]}, {"name": "conv_dw_12", "class_name": "DepthwiseConv2D", "config": {"name": "conv_dw_12", "trainable": true, "kernel_size": [3, 3], "strides": [2, 2], "padding": "valid", "data_format": "channels_last", "dilation_rate": [1, 1], "activation": "linear", "use_bias": false, "bias_initializer": {"class_name": "Zeros", "config": {}}, "bias_regularizer": null, "activity_regularizer": null, "bias_constraint": null, "depth_multiplier": 1, "depthwise_initializer": {"class_name": "VarianceScaling", "config": {"scale": 1.0, "mode": "fan_avg", "distribution": "uniform", "seed": null}}, "depthwise_regularizer": null, "depthwise_constraint": null}, "inbound_nodes": [[["conv_pad_12", 0, 0, {}]]]}, {"name": "conv_dw_12_bn", "class_name": "BatchNormalization", "config": {"name": "conv_dw_12_bn", "trainable": true, "axis": -1, "momentum": 0.99, "epsilon": 0.001, "center": true, "scale": true, "beta_initializer": {"class_name": "Zeros", "config": {}}, "gamma_initializer": {"class_name": "Ones", "config": {}}, "moving_mean_initializer": {"class_name": "Zeros", "config": {}}, "moving_variance_initializer": {"class_name": "Ones", "config": {}}, "beta_regularizer": null, "gamma_regularizer": null, "beta_constraint": null, "gamma_constraint": null}, "inbound_nodes": [[["conv_dw_12", 0, 0, {}]]]}, {"name": "conv_dw_12_relu", "class_name": "ReLU", "config": {"name": "conv_dw_12_relu", "trainable": true, "max_value": 6.0}, "inbound_nodes": [[["conv_dw_12_bn", 0, 0, {}]]]}, {"name": "conv_pw_12", "class_name": "Conv2D", "config": {"name": "conv_pw_12", "trainable": true, "filters": 256, "kernel_size": [1, 1], "strides": [1, 1], "padding": "same", "data_format": "channels_last", "dilation_rate": [1, 1], "activation": "linear", "use_bias": false, "kernel_initializer": {"class_name": "VarianceScaling", "config": {"scale": 1.0, "mode": "fan_avg", "distribution": "uniform", "seed": null}}, "bias_initializer": {"class_name": "Zeros", "config": {}}, "kernel_regularizer": null, "bias_regularizer": null, "activity_regularizer": null, "kernel_constraint": null, "bias_constraint": null}, "inbound_nodes": [[["conv_dw_12_relu", 0, 0, {}]]]}, {"name": "conv_pw_12_bn", "class_name": "BatchNormalization", "config": {"name": "conv_pw_12_bn", "trainable": true, "axis": -1, "momentum": 0.99, "epsilon": 0.001, "center": true, "scale": true, "beta_initializer": {"class_name": "Zeros", "config": {}}, "gamma_initializer": {"class_name": "Ones", "config": {}}, "moving_mean_initializer": {"class_name": "Zeros", "config": {}}, "moving_variance_initializer": {"class_name": "Ones", "config": {}}, "beta_regularizer": null, "gamma_regularizer": null, "beta_constraint": null, "gamma_constraint": null}, "inbound_nodes": [[["conv_pw_12", 0, 0, {}]]]}, {"name": "conv_pw_12_relu", "class_name": "ReLU", "config": {"name": "conv_pw_12_relu", "trainable": true, "max_value": 6.0}, "inbound_nodes": [[["conv_pw_12_bn", 0, 0, {}]]]}, {"name": "conv_dw_13", "class_name": "DepthwiseConv2D", "config": {"name": "conv_dw_13", "trainable": true, "kernel_size": [3, 3], "strides": [1, 1], "padding": "same", "data_format": "channels_last", "dilation_rate": [1, 1], "activation": "linear", "use_bias": false, "bias_initializer": {"class_name": "Zeros", "config": {}}, "bias_regularizer": null, "activity_regularizer": null, "bias_constraint": null, "depth_multiplier": 1, "depthwise_initializer": {"class_name": "VarianceScaling", "config": {"scale": 1.0, "mode": "fan_avg", "distribution": "uniform", "seed": null}}, "depthwise_regularizer": null, "depthwise_constraint": null}, "inbound_nodes": [[["conv_pw_12_relu", 0, 0, {}]]]}, {"name": "conv_dw_13_bn", "class_name": "BatchNormalization", "config": {"name": "conv_dw_13_bn", "trainable": true, "axis": -1, "momentum": 0.99, "epsilon": 0.001, "center": true, "scale": true, "beta_initializer": {"class_name": "Zeros", "config": {}}, "gamma_initializer": {"class_name": "Ones", "config": {}}, "moving_mean_initializer": {"class_name": "Zeros", "config": {}}, "moving_variance_initializer": {"class_name": "Ones", "config": {}}, "beta_regularizer": null, "gamma_regularizer": null, "beta_constraint": null, "gamma_constraint": null}, "inbound_nodes": [[["conv_dw_13", 0, 0, {}]]]}, {"name": "conv_dw_13_relu", "class_name": "ReLU", "config": {"name": "conv_dw_13_relu", "trainable": true, "max_value": 6.0}, "inbound_nodes": [[["conv_dw_13_bn", 0, 0, {}]]]}, {"name": "conv_pw_13", "class_name": "Conv2D", "config": {"name": "conv_pw_13", "trainable": true, "filters": 256, "kernel_size": [1, 1], "strides": [1, 1], "padding": "same", "data_format": "channels_last", "dilation_rate": [1, 1], "activation": "linear", "use_bias": false, "kernel_initializer": {"class_name": "VarianceScaling", "config": {"scale": 1.0, "mode": "fan_avg", "distribution": "uniform", "seed": null}}, "bias_initializer": {"class_name": "Zeros", "config": {}}, "kernel_regularizer": null, "bias_regularizer": null, "activity_regularizer": null, "kernel_constraint": null, "bias_constraint": null}, "inbound_nodes": [[["conv_dw_13_relu", 0, 0, {}]]]}, {"name": "conv_pw_13_bn", "class_name": "BatchNormalization", "config": {"name": "conv_pw_13_bn", "trainable": true, "axis": -1, "momentum": 0.99, "epsilon": 0.001, "center": true, "scale": true, "beta_initializer": {"class_name": "Zeros", "config": {}}, "gamma_initializer": {"class_name": "Ones", "config": {}}, "moving_mean_initializer": {"class_name": "Zeros", "config": {}}, "moving_variance_initializer": {"class_name": "Ones", "config": {}}, "beta_regularizer": null, "gamma_regularizer": null, "beta_constraint": null, "gamma_constraint": null}, "inbound_nodes": [[["conv_pw_13", 0, 0, {}]]]}, {"name": "conv_pw_13_relu", "class_name": "ReLU", "config": {"name": "conv_pw_13_relu", "trainable": true, "max_value": 6.0}, "inbound_nodes": [[["conv_pw_13_bn", 0, 0, {}]]]}, {"name": "global_average_pooling2d_8", "class_name": "GlobalAveragePooling2D", "config": {"name": "global_average_pooling2d_8", "trainable": true, "data_format": "channels_last"}, "inbound_nodes": [[["conv_pw_13_relu", 0, 0, {}]]]}, {"name": "dense_16", "class_name": "Dense", "config": {"name": "dense_16", "trainable": true, "units": 3, "activation": "softmax", "use_bias": true, "kernel_initializer": {"class_name": "VarianceScaling", "config": {"scale": 1.0, "mode": "fan_avg", "distribution": "uniform", "seed": null}}, "bias_initializer": {"class_name": "Zeros", "config": {}}, "kernel_regularizer": null, "bias_regularizer": null, "activity_regularizer": null, "kernel_constraint": null, "bias_constraint": null}, "inbound_nodes": [[["global_average_pooling2d_8", 0, 0, {}]]]}], "input_layers": [["input_8", 0, 0]], "output_layers": [["dense_16", 0, 0]]}}, "training_config": {"optimizer_config": {"class_name": "Adam", "config": {"lr": 9.999999747378752e-05, "beta_1": 0.8999999761581421, "beta_2": 0.9990000128746033, "decay": 0.0, "epsilon": 1e-07, "amsgrad": false}}, "loss": "categorical_crossentropy", "metrics": ["accuracy"], "sample_weight_mode": null, "loss_weights": null}}, "weightsManifest": [{"paths": ["group1-shard1of1"], "weights": [{"name": "conv1_7/kernel", "shape": [3, 3, 3, 8], "dtype": "float32"}, {"name": "conv1_bn_7/gamma", "shape": [8], "dtype": "float32"}, {"name": "conv1_bn_7/beta", "shape": [8], "dtype": "float32"}, {"name": "conv1_bn_7/moving_mean", "shape": [8], "dtype": "float32"}, {"name": "conv1_bn_7/moving_variance", "shape": [8], "dtype": "float32"}, {"name": "conv_dw_1_7/depthwise_kernel", "shape": [3, 3, 8, 1], "dtype": "float32"}, {"name": "conv_dw_10_7/depthwise_kernel", "shape": [3, 3, 128, 1], "dtype": "float32"}, {"name": "conv_dw_10_bn_7/gamma", "shape": [128], "dtype": "float32"}, {"name": "conv_dw_10_bn_7/beta", "shape": [128], "dtype": "float32"}, {"name": "conv_dw_10_bn_7/moving_mean", "shape": [128], "dtype": "float32"}, {"name": "conv_dw_10_bn_7/moving_variance", "shape": [128], "dtype": "float32"}, {"name": "conv_dw_11_7/depthwise_kernel", "shape": [3, 3, 128, 1], "dtype": "float32"}, {"name": "conv_dw_11_bn_7/gamma", "shape": [128], "dtype": "float32"}, {"name": "conv_dw_11_bn_7/beta", "shape": [128], "dtype": "float32"}, {"name": "conv_dw_11_bn_7/moving_mean", "shape": [128], "dtype": "float32"}, {"name": "conv_dw_11_bn_7/moving_variance", "shape": [128], "dtype": "float32"}, {"name": "conv_dw_12_7/depthwise_kernel", "shape": [3, 3, 128, 1], "dtype": "float32"}, {"name": "conv_dw_12_bn_7/gamma", "shape": [128], "dtype": "float32"}, {"name": "conv_dw_12_bn_7/beta", "shape": [128], "dtype": "float32"}, {"name": "conv_dw_12_bn_7/moving_mean", "shape": [128], "dtype": "float32"}, {"name": "conv_dw_12_bn_7/moving_variance", "shape": [128], "dtype": "float32"}, {"name": "conv_dw_13_7/depthwise_kernel", "shape": [3, 3, 256, 1], "dtype": "float32"}, {"name": "conv_dw_13_bn_7/gamma", "shape": [256], "dtype": "float32"}, {"name": "conv_dw_13_bn_7/beta", "shape": [256], "dtype": "float32"}, {"name": "conv_dw_13_bn_7/moving_mean", "shape": [256], "dtype": "float32"}, {"name": "conv_dw_13_bn_7/moving_variance", "shape": [256], "dtype": "float32"}, {"name": "conv_dw_1_bn_7/gamma", "shape": [8], "dtype": "float32"}, {"name": "conv_dw_1_bn_7/beta", "shape": [8], "dtype": "float32"}, {"name": "conv_dw_1_bn_7/moving_mean", "shape": [8], "dtype": "float32"}, {"name": "conv_dw_1_bn_7/moving_variance", "shape": [8], "dtype": "float32"}, {"name": "conv_dw_2_7/depthwise_kernel", "shape": [3, 3, 16, 1], "dtype": "float32"}, {"name": "conv_dw_2_bn_7/gamma", "shape": [16], "dtype": "float32"}, {"name": "conv_dw_2_bn_7/beta", "shape": [16], "dtype": "float32"}, {"name": "conv_dw_2_bn_7/moving_mean", "shape": [16], "dtype": "float32"}, {"name": "conv_dw_2_bn_7/moving_variance", "shape": [16], "dtype": "float32"}, {"name": "conv_dw_3_7/depthwise_kernel", "shape": [3, 3, 32, 1], "dtype": "float32"}, {"name": "conv_dw_3_bn_7/gamma", "shape": [32], "dtype": "float32"}, {"name": "conv_dw_3_bn_7/beta", "shape": [32], "dtype": "float32"}, {"name": "conv_dw_3_bn_7/moving_mean", "shape": [32], "dtype": "float32"}, {"name": "conv_dw_3_bn_7/moving_variance", "shape": [32], "dtype": "float32"}, {"name": "conv_dw_4_7/depthwise_kernel", "shape": [3, 3, 32, 1], "dtype": "float32"}, {"name": "conv_dw_4_bn_7/gamma", "shape": [32], "dtype": "float32"}, {"name": "conv_dw_4_bn_7/beta", "shape": [32], "dtype": "float32"}, {"name": "conv_dw_4_bn_7/moving_mean", "shape": [32], "dtype": "float32"}, {"name": "conv_dw_4_bn_7/moving_variance", "shape": [32], "dtype": "float32"}, {"name": "conv_dw_5_7/depthwise_kernel", "shape": [3, 3, 64, 1], "dtype": "float32"}, {"name": "conv_dw_5_bn_7/gamma", "shape": [64], "dtype": "float32"}, {"name": "conv_dw_5_bn_7/beta", "shape": [64], "dtype": "float32"}, {"name": "conv_dw_5_bn_7/moving_mean", "shape": [64], "dtype": "float32"}, {"name": "conv_dw_5_bn_7/moving_variance", "shape": [64], "dtype": "float32"}, {"name": "conv_dw_6_7/depthwise_kernel", "shape": [3, 3, 64, 1], "dtype": "float32"}, {"name": "conv_dw_6_bn_7/gamma", "shape": [64], "dtype": "float32"}, {"name": "conv_dw_6_bn_7/beta", "shape": [64], "dtype": "float32"}, {"name": "conv_dw_6_bn_7/moving_mean", "shape": [64], "dtype": "float32"}, {"name": "conv_dw_6_bn_7/moving_variance", "shape": [64], "dtype": "float32"}, {"name": "conv_dw_7_7/depthwise_kernel", "shape": [3, 3, 128, 1], "dtype": "float32"}, {"name": "conv_dw_7_bn_7/gamma", "shape": [128], "dtype": "float32"}, {"name": "conv_dw_7_bn_7/beta", "shape": [128], "dtype": "float32"}, {"name": "conv_dw_7_bn_7/moving_mean", "shape": [128], "dtype": "float32"}, {"name": "conv_dw_7_bn_7/moving_variance", "shape": [128], "dtype": "float32"}, {"name": "conv_dw_8_7/depthwise_kernel", "shape": [3, 3, 128, 1], "dtype": "float32"}, {"name": "conv_dw_8_bn_7/gamma", "shape": [128], "dtype": "float32"}, {"name": "conv_dw_8_bn_7/beta", "shape": [128], "dtype": "float32"}, {"name": "conv_dw_8_bn_7/moving_mean", "shape": [128], "dtype": "float32"}, {"name": "conv_dw_8_bn_7/moving_variance", "shape": [128], "dtype": "float32"}, {"name": "conv_dw_9_7/depthwise_kernel", "shape": [3, 3, 128, 1], "dtype": "float32"}, {"name": "conv_dw_9_bn_7/gamma", "shape": [128], "dtype": "float32"}, {"name": "conv_dw_9_bn_7/beta", "shape": [128], "dtype": "float32"}, {"name": "conv_dw_9_bn_7/moving_mean", "shape": [128], "dtype": "float32"}, {"name": "conv_dw_9_bn_7/moving_variance", "shape": [128], "dtype": "float32"}, {"name": "conv_pw_1_7/kernel", "shape": [1, 1, 8, 16], "dtype": "float32"}, {"name": "conv_pw_10_7/kernel", "shape": [1, 1, 128, 128], "dtype": "float32"}, {"name": "conv_pw_10_bn_7/gamma", "shape": [128], "dtype": "float32"}, {"name": "conv_pw_10_bn_7/beta", "shape": [128], "dtype": "float32"}, {"name": "conv_pw_10_bn_7/moving_mean", "shape": [128], "dtype": "float32"}, {"name": "conv_pw_10_bn_7/moving_variance", "shape": [128], "dtype": "float32"}, {"name": "conv_pw_11_7/kernel", "shape": [1, 1, 128, 128], "dtype": "float32"}, {"name": "conv_pw_11_bn_7/gamma", "shape": [128], "dtype": "float32"}, {"name": "conv_pw_11_bn_7/beta", "shape": [128], "dtype": "float32"}, {"name": "conv_pw_11_bn_7/moving_mean", "shape": [128], "dtype": "float32"}, {"name": "conv_pw_11_bn_7/moving_variance", "shape": [128], "dtype": "float32"}, {"name": "conv_pw_12_7/kernel", "shape": [1, 1, 128, 256], "dtype": "float32"}, {"name": "conv_pw_12_bn_7/gamma", "shape": [256], "dtype": "float32"}, {"name": "conv_pw_12_bn_7/beta", "shape": [256], "dtype": "float32"}, {"name": "conv_pw_12_bn_7/moving_mean", "shape": [256], "dtype": "float32"}, {"name": "conv_pw_12_bn_7/moving_variance", "shape": [256], "dtype": "float32"}, {"name": "conv_pw_13_7/kernel", "shape": [1, 1, 256, 256], "dtype": "float32"}, {"name": "conv_pw_13_bn_7/gamma", "shape": [256], "dtype": "float32"}, {"name": "conv_pw_13_bn_7/beta", "shape": [256], "dtype": "float32"}, {"name": "conv_pw_13_bn_7/moving_mean", "shape": [256], "dtype": "float32"}, {"name": "conv_pw_13_bn_7/moving_variance", "shape": [256], "dtype": "float32"}, {"name": "conv_pw_1_bn_7/gamma", "shape": [16], "dtype": "float32"}, {"name": "conv_pw_1_bn_7/beta", "shape": [16], "dtype": "float32"}, {"name": "conv_pw_1_bn_7/moving_mean", "shape": [16], "dtype": "float32"}, {"name": "conv_pw_1_bn_7/moving_variance", "shape": [16], "dtype": "float32"}, {"name": "conv_pw_2_7/kernel", "shape": [1, 1, 16, 32], "dtype": "float32"}, {"name": "conv_pw_2_bn_7/gamma", "shape": [32], "dtype": "float32"}, {"name": "conv_pw_2_bn_7/beta", "shape": [32], "dtype": "float32"}, {"name": "conv_pw_2_bn_7/moving_mean", "shape": [32], "dtype": "float32"}, {"name": "conv_pw_2_bn_7/moving_variance", "shape": [32], "dtype": "float32"}, {"name": "conv_pw_3_7/kernel", "shape": [1, 1, 32, 32], "dtype": "float32"}, {"name": "conv_pw_3_bn_7/gamma", "shape": [32], "dtype": "float32"}, {"name": "conv_pw_3_bn_7/beta", "shape": [32], "dtype": "float32"}, {"name": "conv_pw_3_bn_7/moving_mean", "shape": [32], "dtype": "float32"}, {"name": "conv_pw_3_bn_7/moving_variance", "shape": [32], "dtype": "float32"}, {"name": "conv_pw_4_7/kernel", "shape": [1, 1, 32, 64], "dtype": "float32"}, {"name": "conv_pw_4_bn_7/gamma", "shape": [64], "dtype": "float32"}, {"name": "conv_pw_4_bn_7/beta", "shape": [64], "dtype": "float32"}, {"name": "conv_pw_4_bn_7/moving_mean", "shape": [64], "dtype": "float32"}, {"name": "conv_pw_4_bn_7/moving_variance", "shape": [64], "dtype": "float32"}, {"name": "conv_pw_5_7/kernel", "shape": [1, 1, 64, 64], "dtype": "float32"}, {"name": "conv_pw_5_bn_7/gamma", "shape": [64], "dtype": "float32"}, {"name": "conv_pw_5_bn_7/beta", "shape": [64], "dtype": "float32"}, {"name": "conv_pw_5_bn_7/moving_mean", "shape": [64], "dtype": "float32"}, {"name": "conv_pw_5_bn_7/moving_variance", "shape": [64], "dtype": "float32"}, {"name": "conv_pw_6_7/kernel", "shape": [1, 1, 64, 128], "dtype": "float32"}, {"name": "conv_pw_6_bn_7/gamma", "shape": [128], "dtype": "float32"}, {"name": "conv_pw_6_bn_7/beta", "shape": [128], "dtype": "float32"}, {"name": "conv_pw_6_bn_7/moving_mean", "shape": [128], "dtype": "float32"}, {"name": "conv_pw_6_bn_7/moving_variance", "shape": [128], "dtype": "float32"}, {"name": "conv_pw_7_7/kernel", "shape": [1, 1, 128, 128], "dtype": "float32"}, {"name": "conv_pw_7_bn_7/gamma", "shape": [128], "dtype": "float32"}, {"name": "conv_pw_7_bn_7/beta", "shape": [128], "dtype": "float32"}, {"name": "conv_pw_7_bn_7/moving_mean", "shape": [128], "dtype": "float32"}, {"name": "conv_pw_7_bn_7/moving_variance", "shape": [128], "dtype": "float32"}, {"name": "conv_pw_8_7/kernel", "shape": [1, 1, 128, 128], "dtype": "float32"}, {"name": "conv_pw_8_bn_7/gamma", "shape": [128], "dtype": "float32"}, {"name": "conv_pw_8_bn_7/beta", "shape": [128], "dtype": "float32"}, {"name": "conv_pw_8_bn_7/moving_mean", "shape": [128], "dtype": "float32"}, {"name": "conv_pw_8_bn_7/moving_variance", "shape": [128], "dtype": "float32"}, {"name": "conv_pw_9_7/kernel", "shape": [1, 1, 128, 128], "dtype": "float32"}, {"name": "conv_pw_9_bn_7/gamma", "shape": [128], "dtype": "float32"}, {"name": "conv_pw_9_bn_7/beta", "shape": [128], "dtype": "float32"}, {"name": "conv_pw_9_bn_7/moving_mean", "shape": [128], "dtype": "float32"}, {"name": "conv_pw_9_bn_7/moving_variance", "shape": [128], "dtype": "float32"}, {"name": "dense_16/kernel", "shape": [256, 3], "dtype": "float32"}, {"name": "dense_16/bias", "shape": [3], "dtype": "float32"}]}]}